Subject,AUC
SBJ01,0.6233142857142857
SBJ02,0.6776046647230322
SBJ03,0.5954752186588921
SBJ04,0.7072373177842565
SBJ05,0.6087486880466473
SBJ06,0.6479848396501456
SBJ07,0.6419766763848396
SBJ08,0.6563580174927114
SBJ09,0.5839160349854227
SBJ10,0.6478740524781341
SBJ11,0.6120069970845481
SBJ12,0.6663020408163266
SBJ13,0.6211067055393585
SBJ14,0.6304314868804665
SBJ15,0.648871137026239
