Subject,AUC
SBJ01,0.6064539358600582
SBJ02,0.5801728862973761
SBJ03,0.5851836734693877
SBJ04,0.5897923469387755
SBJ05,0.560181778425656
SBJ06,0.5767012390670554
SBJ07,0.5859983236151604
SBJ08,0.5556656705539359
SBJ09,0.5787599854227405
SBJ10,0.6119311224489796
SBJ11,0.5767934402332362
SBJ12,0.5804708454810495
SBJ13,0.5954975218658893
SBJ14,0.5841778425655977
SBJ15,0.4959903790087464
